{
  "features": [
    "imb_top5_notional",
    "imb_top5_size",
    "imb_top10_notional",
    "imb_top10_size",
    "signed_persist_05",
    "signed_persist_06",
    "microprice_dev_bps",
    "spread_bps",
    "vol_10s_bps",
    "thin_depth",
    "ret_abs_3s",
    "ret_abs_10s"
  ],
  "coefficients": {
    "intercept": 0.0016059802166241638,
    "coef": [
      0.06273447354771504,
      0.06273446959438328,
      0.06936704189926392,
      0.06936735774706378,
      0.007406212979310936,
      0.014327121653238297,
      0.004578973922674152,
      0.00826405707708158,
      -0.010307167579067118,
      0.027813790158738888,
      0.005321690423580252,
      0.005021981004479234
    ],
    "means": [
      0.0378447340347049,
      0.037845244667215124,
      0.038036388610729874,
      0.038037293808164695,
      0.4153580379773722,
      0.326163605726342,
      0.00024013008734844412,
      0.013099253642590982,
      0.33472868136956463,
      0.10405281583553413,
      0.4535877151305044,
      1.1303792470977412
    ],
    "scales": [
      0.6113599024864619,
      0.6113598879687189,
      0.6083446528653582,
      0.6083446346151608,
      8.975640229994521,
      6.685081961532784,
      0.006033484482267013,
      0.010225268564513394,
      0.39108435327290264,
      0.15219289420514417,
      0.847978495762525,
      1.5093100001279824
    ]
  },
  "full_sample_eval": {
    "n_rows": 70621,
    "trade_count": 83160,
    "accuracy_pct": 55.29,
    "accuracy_trade_weighted_pct": 55.3,
    "brier": 0.24521,
    "logloss": 0.68349,
    "avg_pred": 0.50044,
    "actual_up_rate": 0.50045
  }
}